PRAGMA foreign_keys=OFF;
BEGIN TRANSACTION;
CREATE TABLE metadata (key TEXT PRIMARY KEY, value TEXT NOT NULL);
INSERT INTO metadata VALUES('source','demo-seed');
INSERT INTO metadata VALUES('initiative','Agentic Development Platform');
INSERT INTO metadata VALUES('seed_path','data/seed/backlog.demo.seed.json');
CREATE TABLE labels (label TEXT PRIMARY KEY);
INSERT INTO labels VALUES('governance');
INSERT INTO labels VALUES('security');
INSERT INTO labels VALUES('tooling');
INSERT INTO labels VALUES('docs');
INSERT INTO labels VALUES('metrics');
INSERT INTO labels VALUES('context');
CREATE TABLE epics (id TEXT PRIMARY KEY, name TEXT NOT NULL UNIQUE, summary TEXT NOT NULL DEFAULT '', labels_json TEXT NOT NULL DEFAULT '[]');
INSERT INTO epics VALUES('EPIC-GOV','Governance Core','Risk-class guardrails, append-only audit, AI-security evals, and delivery metrics.','["governance","security"]');
INSERT INTO epics VALUES('EPIC-CTX','Context Discipline','SQL-first backlog and the context broker that selects bounded, cheap context packets.','["context","tooling"]');
CREATE TABLE features (id TEXT PRIMARY KEY, epic_id TEXT NOT NULL, feature_key TEXT NOT NULL DEFAULT '', title TEXT NOT NULL, priority INTEGER, estimate INTEGER, status TEXT NOT NULL DEFAULT 'planned', release_band TEXT NOT NULL DEFAULT 'TBD', slug TEXT NOT NULL DEFAULT '', classification TEXT NOT NULL DEFAULT 'internal', category TEXT NOT NULL DEFAULT 'general', labels_json TEXT NOT NULL DEFAULT '[]', personas_json TEXT NOT NULL DEFAULT '[]', permissions_json TEXT NOT NULL DEFAULT '[]', anchors_json TEXT NOT NULL DEFAULT '[]', architecture TEXT NOT NULL DEFAULT '', ux TEXT NOT NULL DEFAULT '', source TEXT NOT NULL DEFAULT 'seed', FOREIGN KEY(epic_id) REFERENCES epics(id));
INSERT INTO features VALUES('S01','EPIC-GOV','GOV-GUARDRAILS','Risk-class guardrail policy',0,3,'planned','P0','guardrail-policy','internal','agentic-tooling','["governance","security"]','["agent","maintainer"]','["governance.read","governance.write"]','["config/agentic/guardrails.json","scripts/guardrail-check.mjs"]','Declarative deny-by-default policy in config/agentic/guardrails.json, validated by a standalone checker. Risk classes map tools to confirmation requirements and required evidence.','','seed');
INSERT INTO features VALUES('S02','EPIC-GOV','GOV-AUDIT','Append-only audit log',0,3,'planned','P0','append-only-audit','internal','agentic-tooling','["governance"]','["agent","maintainer"]','["governance.write"]','["scripts/validate-audit.mjs","scripts/record-audit.mjs","data/audit/audit-log.jsonl"]','Event-sourced JSONL log mirrored into the audit_events table. Never rewritten; corrections are appended as comment/decision events.','','seed');
INSERT INTO features VALUES('S03','EPIC-GOV','GOV-EVALS','Agent evals and AI-security scenarios',1,5,'planned','P1','agent-evals','internal','agentic-tooling','["security","governance"]','["agent","maintainer"]','["governance.read"]','["scripts/run-agent-evals.mjs","tooling/agent-evals/scenarios"]','Scenario fixtures mapped to OWASP LLM and NIST AI-RMF risks, scored against the guardrail policy. Results mirrored into SQLite/SQL/JSON.','','seed');
INSERT INTO features VALUES('S04','EPIC-GOV','GOV-DORA','DORA-style delivery metrics',2,3,'planned','P2','dora-metrics','internal','metrics','["metrics","governance"]','["maintainer"]','["governance.read"]','["scripts/dora-metrics.mjs","data/audit/audit-log.jsonl"]','Local proxies for deployment frequency, change lead time, and change failure rate derived from git history and the audit log.','','seed');
INSERT INTO features VALUES('S05','EPIC-CTX','CTX-BACKLOG','SQL-first backlog engine',0,8,'planned','P0','sql-backlog','internal','agentic-tooling','["context","tooling","governance"]','["agent","maintainer"]','["backlog.read","backlog.write"]','["scripts/backlog-db.mjs","data/schema.sql","data/seed/backlog.seed.json"]','Single local SQLite database rebuilt from a JSON seed and the audit log. Items move through a claim/start/complete/verify lifecycle recorded as immutable events. SQL/.schema dumps are the reviewable mirrors.','','seed');
INSERT INTO features VALUES('S06','EPIC-GOV','GOV-SKILLS','Reusable Codex skills',2,2,'planned','P2','codex-skills','internal','agentic-tooling','["governance","docs"]','["agent"]','["governance.read"]','["skills/agentic-traceability/SKILL.md","skills/agentic-build-runner/SKILL.md","skills/README.md"]','Two skills, traceability and build-runner, installable into ~/.codex/skills. They encode the audit and lifecycle disciplines so they survive across repos and agents.','','seed');
INSERT INTO features VALUES('S07','EPIC-CTX','CTX-BROKER','Context broker and workflow profiles',0,8,'planned','P0','context-broker','internal','agentic-tooling','["context","tooling"]','["agent"]','["backlog.read"]','["scripts/agent-context.mjs","config/agentic/context-profiles.yaml","tooling/agent-context/README.md"]','SQLite chooses the context. A workflow profile picks the queries and caps; the broker emits a bounded packet (feature, items, routes, recent audit, next files) in markdown, json, or toon, and forbids bulk-loading generated mirrors.','CLI packet output intended to be pasted into, or read by, an agent before it opens any source files.','seed');
CREATE TABLE feature_dependencies (feature_id TEXT NOT NULL, depends_on_feature_id TEXT NOT NULL, PRIMARY KEY(feature_id, depends_on_feature_id), FOREIGN KEY(feature_id) REFERENCES features(id), FOREIGN KEY(depends_on_feature_id) REFERENCES features(id));
INSERT INTO feature_dependencies VALUES('S02','S05');
INSERT INTO feature_dependencies VALUES('S03','S01');
INSERT INTO feature_dependencies VALUES('S04','S02');
INSERT INTO feature_dependencies VALUES('S06','S02');
INSERT INTO feature_dependencies VALUES('S06','S05');
INSERT INTO feature_dependencies VALUES('S07','S05');
CREATE TABLE feature_labels (feature_id TEXT NOT NULL, label TEXT NOT NULL, PRIMARY KEY(feature_id, label), FOREIGN KEY(feature_id) REFERENCES features(id), FOREIGN KEY(label) REFERENCES labels(label));
INSERT INTO feature_labels VALUES('S01','governance');
INSERT INTO feature_labels VALUES('S01','security');
INSERT INTO feature_labels VALUES('S02','governance');
INSERT INTO feature_labels VALUES('S03','security');
INSERT INTO feature_labels VALUES('S03','governance');
INSERT INTO feature_labels VALUES('S04','metrics');
INSERT INTO feature_labels VALUES('S04','governance');
INSERT INTO feature_labels VALUES('S05','context');
INSERT INTO feature_labels VALUES('S05','tooling');
INSERT INTO feature_labels VALUES('S05','governance');
INSERT INTO feature_labels VALUES('S06','governance');
INSERT INTO feature_labels VALUES('S06','docs');
INSERT INTO feature_labels VALUES('S07','context');
INSERT INTO feature_labels VALUES('S07','tooling');
CREATE TABLE feature_items (id TEXT PRIMARY KEY, feature_id TEXT NOT NULL, item_type TEXT NOT NULL, position INTEGER NOT NULL, title TEXT NOT NULL, status TEXT NOT NULL DEFAULT 'planned', FOREIGN KEY(feature_id) REFERENCES features(id));
INSERT INTO feature_items VALUES('S01-TASK-01','S01','task',1,'Define risk classes and default-deny decision','planned');
INSERT INTO feature_items VALUES('S01-TASK-02','S01','task',2,'Map tools to risk classes, evidence, and confirmation requirements','planned');
INSERT INTO feature_items VALUES('S01-TASK-03','S01','task',3,'Validate the policy shape in scripts/guardrail-check.mjs','planned');
INSERT INTO feature_items VALUES('S01-TEST-01','S01','test_case',1,'Policy with defaultDecision other than deny fails validation','planned');
INSERT INTO feature_items VALUES('S01-TEST-02','S01','test_case',2,'A tool whose risk class requires confirmation but is missing requiresConfirmation fails validation','planned');
INSERT INTO feature_items VALUES('S01-CRITERION-01','S01','success_criterion',1,'guardrails:check exits non-zero on an invalid policy','planned');
INSERT INTO feature_items VALUES('S01-CRITERION-02','S01','success_criterion',2,'destructive tools are denied by default','planned');
INSERT INTO feature_items VALUES('S01-USE-CASE-01','S01','use_case',1,'An agent checks whether an action it is about to take is allowed and whether it needs confirmation','planned');
INSERT INTO feature_items VALUES('S02-TASK-01','S02','task',1,'Append events to data/audit/audit-log.jsonl with stable ids','planned');
INSERT INTO feature_items VALUES('S02-TASK-02','S02','task',2,'Validate parseability, required fields, unique ids, and basic secret redaction','planned');
INSERT INTO feature_items VALUES('S02-TASK-03','S02','task',3,'Mirror the log into the audit_events table on setup','planned');
INSERT INTO feature_items VALUES('S02-TEST-01','S02','test_case',1,'A non-parseable line fails audit:validate','planned');
INSERT INTO feature_items VALUES('S02-TEST-02','S02','test_case',2,'A duplicate event id fails audit:validate','planned');
INSERT INTO feature_items VALUES('S02-TEST-03','S02','test_case',3,'A summary containing an obvious secret token is flagged','planned');
INSERT INTO feature_items VALUES('S02-CRITERION-01','S02','success_criterion',1,'audit:validate exits non-zero on a malformed log','planned');
INSERT INTO feature_items VALUES('S02-CRITERION-02','S02','success_criterion',2,'audit events survive a database rebuild because they live in the JSONL','planned');
INSERT INTO feature_items VALUES('S02-USE-CASE-01','S02','use_case',1,'A future reviewer reconstructs why a gate was waived from the audit decision event','planned');
INSERT INTO feature_items VALUES('S03-TASK-01','S03','task',1,'Author deny scenarios for prompt injection and destructive commands','planned');
INSERT INTO feature_items VALUES('S03-TASK-02','S03','task',2,'Author allow scenarios for read-only and degraded-safe paths','planned');
INSERT INTO feature_items VALUES('S03-TASK-03','S03','task',3,'Score scenarios against the guardrail policy and fail on mismatch','planned');
INSERT INTO feature_items VALUES('S03-TEST-01','S03','test_case',1,'prompt-injection-deny resolves to a blocked decision','planned');
INSERT INTO feature_items VALUES('S03-TEST-02','S03','test_case',2,'destructive-command-deny requires confirmation and is denied','planned');
INSERT INTO feature_items VALUES('S03-TEST-03','S03','test_case',3,'tenant-read-success is allowed without confirmation','planned');
INSERT INTO feature_items VALUES('S03-CRITERION-01','S03','success_criterion',1,'agent:evals exits non-zero if any scenario expectation is violated','planned');
INSERT INTO feature_items VALUES('S03-USE-CASE-01','S03','use_case',1,'A change to the guardrail policy is regression-tested against known adversarial inputs','planned');
INSERT INTO feature_items VALUES('S04-TASK-01','S04','task',1,'Derive deployment-frequency and lead-time proxies from git and the audit log','planned');
INSERT INTO feature_items VALUES('S04-TASK-02','S04','task',2,'Derive a change-failure-rate proxy from failure/rollback signals','planned');
INSERT INTO feature_items VALUES('S04-TASK-03','S04','task',3,'Mirror metrics into SQLite/SQL/JSON','planned');
INSERT INTO feature_items VALUES('S04-TEST-01','S04','test_case',1,'metrics:dora produces a JSON payload even with an empty audit log','planned');
INSERT INTO feature_items VALUES('S04-CRITERION-01','S04','success_criterion',1,'metrics:dora runs offline against local git and the audit log','planned');
INSERT INTO feature_items VALUES('S04-USE-CASE-01','S04','use_case',1,'A solo maintainer tracks delivery health without an external DevOps platform','planned');
INSERT INTO feature_items VALUES('S05-TASK-01','S05','task',1,'Define the schema: features, items, routes, integrations, persona workflows, events, claims','planned');
INSERT INTO feature_items VALUES('S05-TASK-02','S05','task',2,'Build setup that rebuilds the database from text sources','planned');
INSERT INTO feature_items VALUES('S05-TASK-03','S05','task',3,'Implement the claim/start/complete/verify/release lifecycle','planned');
INSERT INTO feature_items VALUES('S05-TASK-04','S05','task',4,'Export reviewable .sql and .schema mirrors on every mutation','planned');
INSERT INTO feature_items VALUES('S05-TEST-01','S05','test_case',1,'setup rebuilds the database deterministically from seed','planned');
INSERT INTO feature_items VALUES('S05-TEST-02','S05','test_case',2,'claiming an already-claimed item fails without --force','planned');
INSERT INTO feature_items VALUES('S05-TEST-03','S05','test_case',3,'validate fails when a feature has no task or no test case','planned');
INSERT INTO feature_items VALUES('S05-CRITERION-01','S05','success_criterion',1,'backlog:validate passes on the seeded database','planned');
INSERT INTO feature_items VALUES('S05-CRITERION-02','S05','success_criterion',2,'the database can be deleted and rebuilt in well under a second','planned');
INSERT INTO feature_items VALUES('S05-USE-CASE-01','S05','use_case',1,'An agent selects the next unblocked, unclaimed item and claims a narrow write scope','planned');
INSERT INTO feature_items VALUES('S06-TASK-01','S06','task',1,'Write the traceability skill that keeps the audit log current','planned');
INSERT INTO feature_items VALUES('S06-TASK-02','S06','task',2,'Write the build-runner skill that executes backlog items end to end','planned');
INSERT INTO feature_items VALUES('S06-TASK-03','S06','task',3,'Document installation into the agent''s skills directory','planned');
INSERT INTO feature_items VALUES('S06-TEST-01','S06','test_case',1,'Each SKILL.md has valid frontmatter with name and description','planned');
INSERT INTO feature_items VALUES('S06-CRITERION-01','S06','success_criterion',1,'The skills reference only generic, portable platform commands','planned');
INSERT INTO feature_items VALUES('S06-USE-CASE-01','S06','use_case',1,'A new repo adopts the model by installing the two skills and an AGENTS.md','planned');
INSERT INTO feature_items VALUES('S07-TASK-01','S07','task',1,'Load workflow profiles and merge with defaults','planned');
INSERT INTO feature_items VALUES('S07-TASK-02','S07','task',2,'Query SQLite for a bounded packet and derive next files from anchors and routes','planned');
INSERT INTO feature_items VALUES('S07-TASK-03','S07','task',3,'Render markdown, json, and toon and write a packet manifest','planned');
INSERT INTO feature_items VALUES('S07-TASK-04','S07','task',4,'Audit packet manifests for forbidden bulk files and file-count caps','planned');
INSERT INTO feature_items VALUES('S07-TEST-01','S07','test_case',1,'context:feature for S07 on the route workflow emits a packet whose nextFiles exclude forbidden bulk files','planned');
INSERT INTO feature_items VALUES('S07-TEST-02','S07','test_case',2,'context:item for S07-TASK-01 emits a toon packet with context, backlogItems, and routes sections','planned');
INSERT INTO feature_items VALUES('S07-TEST-03','S07','test_case',3,'context:audit reports the last manifest as valid','planned');
INSERT INTO feature_items VALUES('S07-CRITERION-01','S07','success_criterion',1,'The packet never names a forbidden bulk file','planned');
INSERT INTO feature_items VALUES('S07-CRITERION-02','S07','success_criterion',2,'The packet file count never exceeds the profile cap','planned');
INSERT INTO feature_items VALUES('S07-USE-CASE-01','S07','use_case',1,'An agent asks for the route-workflow packet for a feature and reads only the files it names','planned');
CREATE TABLE feature_persona_workflows (id TEXT PRIMARY KEY, feature_id TEXT NOT NULL, persona_id TEXT NOT NULL, rbac_role TEXT NOT NULL DEFAULT '', realm TEXT NOT NULL DEFAULT '', access_level TEXT NOT NULL DEFAULT '', workflow TEXT NOT NULL DEFAULT '', expected_state TEXT NOT NULL DEFAULT '', primary_route TEXT NOT NULL DEFAULT '', notes TEXT NOT NULL DEFAULT '', status TEXT NOT NULL DEFAULT 'planned', FOREIGN KEY(feature_id) REFERENCES features(id));
INSERT INTO feature_persona_workflows VALUES('S01-PW-AGENT','S01','agent','owner','local-dev','allowed','Check a tool decision before acting','allow-or-deny','cli:guardrails:check','','planned');
INSERT INTO feature_persona_workflows VALUES('S02-PW-AGENT','S02','agent','owner','local-dev','allowed','Record an audit event before finishing material work','appended','cli:audit:record','','planned');
INSERT INTO feature_persona_workflows VALUES('S03-PW-MAINTAINER','S03','maintainer','admin','local-dev','allowed','Run AI-security scenarios in the local gate','pass','cli:agent:evals','','planned');
INSERT INTO feature_persona_workflows VALUES('S04-PW-MAINTAINER','S04','maintainer','admin','local-dev','allowed','Capture delivery metrics','captured','cli:metrics:dora','','planned');
INSERT INTO feature_persona_workflows VALUES('S05-PW-AGENT','S05','agent','owner','local-dev','allowed','Claim and progress a backlog item','claimed-then-verified','cli:backlog','','planned');
INSERT INTO feature_persona_workflows VALUES('S06-PW-AGENT','S06','agent','owner','local-dev','allowed','Load the traceability skill before finishing work','loaded','skill:agentic-traceability','','planned');
INSERT INTO feature_persona_workflows VALUES('S07-PW-AGENT','S07','agent','owner','local-dev','allowed','Generate a bounded context packet before reading files','packet-emitted','cli:context:feature','Stay within nextFiles unless evidence points elsewhere.','planned');
CREATE TABLE routes (id TEXT PRIMARY KEY, feature_id TEXT NOT NULL DEFAULT '', path TEXT NOT NULL, kind TEXT NOT NULL DEFAULT '', realm TEXT NOT NULL DEFAULT '', status TEXT NOT NULL DEFAULT 'planned', file_path TEXT NOT NULL DEFAULT '', permission TEXT NOT NULL DEFAULT '', rbac_roles TEXT NOT NULL DEFAULT '', notes TEXT NOT NULL DEFAULT '');
INSERT INTO routes VALUES('S01-ROUTE-01','S01','cli:guardrails:check','cli','local-dev','live','scripts/guardrail-check.mjs','governance.read','maintainer','Validates and queries the policy.');
INSERT INTO routes VALUES('S02-ROUTE-01','S02','cli:audit:validate','cli','local-dev','live','scripts/validate-audit.mjs','governance.read','maintainer','');
INSERT INTO routes VALUES('S03-ROUTE-01','S03','cli:agent:evals','cli','local-dev','live','scripts/run-agent-evals.mjs','governance.read','maintainer','');
INSERT INTO routes VALUES('S04-ROUTE-01','S04','cli:metrics:dora','cli','local-dev','live','scripts/dora-metrics.mjs','governance.read','maintainer','');
INSERT INTO routes VALUES('S05-ROUTE-01','S05','cli:backlog','cli','local-dev','live','scripts/backlog-db.mjs','backlog.read','maintainer','Lifecycle and query commands.');
INSERT INTO routes VALUES('S06-ROUTE-01','S06','skill:agentic-traceability','skill','local-dev','live','skills/agentic-traceability/SKILL.md','','','');
INSERT INTO routes VALUES('S07-ROUTE-01','S07','cli:context:feature','cli','local-dev','live','scripts/agent-context.mjs','backlog.read','agent','Feature-scoped packet.');
INSERT INTO routes VALUES('S07-ROUTE-02','S07','cli:context:item','cli','local-dev','live','scripts/agent-context.mjs','backlog.read','agent','Item-scoped packet.');
CREATE TABLE integrations (id TEXT PRIMARY KEY, feature_id TEXT NOT NULL DEFAULT '', name TEXT NOT NULL, status TEXT NOT NULL DEFAULT 'planned', owner TEXT NOT NULL DEFAULT '', source TEXT NOT NULL DEFAULT '', notes TEXT NOT NULL DEFAULT '');
CREATE TABLE audit_events (id TEXT PRIMARY KEY, occurred_at TEXT NOT NULL, actor TEXT NOT NULL DEFAULT '', event_type TEXT NOT NULL, target_type TEXT NOT NULL DEFAULT '', target_id TEXT NOT NULL DEFAULT '', feature_id TEXT NOT NULL DEFAULT '', status TEXT NOT NULL DEFAULT '', summary TEXT NOT NULL DEFAULT '', details TEXT NOT NULL DEFAULT '', evidence TEXT NOT NULL DEFAULT '[]', evidence_tier TEXT NOT NULL DEFAULT 'asserted' CHECK (evidence_tier IN ('asserted', 'config', 'test', 'live')));
INSERT INTO audit_events VALUES('AUD-20260602T0900-aa01','2026-06-02T09:00:00.000Z','maintainer','decision','platform','governance-core','','implemented','Adopt SQL-first, deny-by-default agentic governance model extracted from a prior product repo','SQLite is the source of truth; generated mirrors are reviewable but never bulk-loaded.','["docs/architecture/governance-model.md"]','asserted');
INSERT INTO audit_events VALUES('AUD-20260602T0905-bb02','2026-06-02T09:05:00.000Z','maintainer','status','feature','S05','S05','implemented','Implemented the SQL-first backlog engine and reviewable schema/dump exports','','["scripts/backlog-db.mjs","data/schema.sql"]','asserted');
INSERT INTO audit_events VALUES('AUD-20260602T0910-cc03','2026-06-02T09:10:00.000Z','maintainer','test-result','feature','S05','S05','verified','backlog:validate passes on the seeded database','','["npm run backlog:validate"]','asserted');
INSERT INTO audit_events VALUES('AUD-20260602T0915-dd04','2026-06-02T09:15:00.000Z','maintainer','status','feature','S01','S01','implemented','Risk-class guardrail policy validates with deny-by-default and per-class confirmation','','["config/agentic/guardrails.json","scripts/guardrail-check.mjs"]','asserted');
INSERT INTO audit_events VALUES('AUD-20260602T0920-ee05','2026-06-02T09:20:00.000Z','maintainer','evidence','feature','S03','S03','implemented','Authored AI-security eval scenarios mapped to OWASP LLM and NIST AI-RMF risks','','["tooling/agent-evals/scenarios/prompt-injection-deny.json","tooling/agent-evals/scenarios/destructive-command-deny.json"]','asserted');
INSERT INTO audit_events VALUES('AUD-20260602T0925-ff06','2026-06-02T09:25:00.000Z','maintainer','status','feature','S07','S07','in-progress','Context broker emits bounded packets and forbids bulk-loading generated mirrors','','["scripts/agent-context.mjs","config/agentic/context-profiles.yaml"]','asserted');
INSERT INTO audit_events VALUES('AUD-20260602T0930-aa07','2026-06-02T09:30:00.000Z','maintainer','comment','feature','S07','S07','','Measured packet sizes: a bounded route packet is a few KB versus multi-MB generated mirrors','See docs/token-reduction.md for the measurement method.','["docs/token-reduction.md"]','asserted');
INSERT INTO audit_events VALUES('AUD-20260602T0935-bb08','2026-06-02T09:35:00.000Z','maintainer','decision','gate','route-registry-check','','deferred','Waived the product-specific route-registry gate in the extracted platform','Reason: route registry is product-specific. Risk: low, platform ships CLI routes only. Rollback: re-add the gate when a host app provides a route registry.','["docs/reference/extraction-notes.md"]','asserted');
INSERT INTO audit_events VALUES('AUD-20260602123802-520f4f','2026-06-02T12:38:02.484Z','zach','status','feature','S06','S06','implemented','Added Zach Reeder-authored static HTML setup guide for platform setup, skill installation, and direct publication','','["docs/setup.html","skills/README.md","browser localhost desktop/mobile render check","npm run ci:governance"]','asserted');
INSERT INTO audit_events VALUES('AUD-20260602130035-b4a3ef','2026-06-02T13:00:35.695Z','zach','status','feature','S06','S06','implemented','Updated setup guide and GitHub-facing copy for ADG branding, Otterblock details, and manual install','','["docs/setup.html","README.md","skills/README.md","package.json","npm registry checks returned 404 for ADG package names","browser localhost desktop/mobile render check","npm run ci:governance"]','asserted');
INSERT INTO audit_events VALUES('AUD-20260602130349-24f4af','2026-06-02T13:03:49.466Z','zach','status','feature','S06','S06','implemented','Added ADG roadmap and review overview document for GitHub publication','','["docs/roadmap-review-overview.md","README.md","npm run ci:governance"]','asserted');
INSERT INTO audit_events VALUES('AUD-20260606035108-c0df2f','2026-06-06T03:51:08.961Z','zach','status','feature','S07','S07','implemented','Implemented generic ADG elicitation and maturity as-code tooling with context packets, skill governance, and CI gates.','','["config/agentic/elicitation.json","config/agentic/maturity.json","config/agentic/skill-manifest.json","scripts/adg-elicitation.mjs","scripts/adg-maturity.mjs","scripts/adg-skills.mjs","scripts/agent-context.mjs","tooling/adg-as-code/test-adg-as-code.mjs","npm run ci:governance"]','asserted');
INSERT INTO audit_events VALUES('AUD-20260606044129-2248d0','2026-06-06T04:41:29.997Z','zach','status','feature','S07','S07','verified','Prepared ADG V2.0 as-code tooling, installable skills, and setup bundle for GitHub publication','','["npm run ci:governance","node setup-repo/_methodology/validate-methodology.mjs","config/agentic/maturity.json","config/agentic/elicitation.json","config/agentic/skill-manifest.json"]','asserted');
INSERT INTO audit_events VALUES('AUD-20260606050449-1bc872','2026-06-06T05:04:49.507Z','zach','status','feature','S07','S07','verified','Implemented ADG governance plugin with bounded delivery, requirements-to-UX lineage, standards evidence, context slices, and deliverable audits','','["npm run ci:governance","node /Users/zach/Development/bord.roomv4.1/development/setup-repo/_methodology/validate-methodology.mjs","plugins/adg-governance/.codex-plugin/plugin.json","plugins/adg-governance/agentic-plugin.manifest.json","config/agentic/ux-as-code.json","config/agentic/standards-map.json","config/agentic/deliverables.json"]','asserted');
INSERT INTO audit_events VALUES('AUD-20260606053846-cce5b7','2026-06-06T05:38:46.850Z','zach','status','feature','S05','S05','verified','Made default SQL setup empty and moved the self-referential ADG records to an opt-in demo seed','','["npm run setup","npm run backlog:validate","npm run setup:demo","npm run ci:governance","data/seed/backlog.seed.json","data/seed/backlog.demo.seed.json","scripts/backlog-db.mjs"]','asserted');
INSERT INTO audit_events VALUES('AUD-20260606081709-7cfe0d','2026-06-06T08:17:09.317Z','zach','evidence','platform','','','','Packaged ADG Codex Plugin marketplace connection and share artifact.','','["artifacts/adg-codex-plugin-0.3.0-20260606.zip","/Users/zach/.codex/plugins/cache/adg-codex-plugin-marketplace/adg-codex-plugin/0.3.0/.agents/plugins/marketplace.json"]','asserted');
INSERT INTO audit_events VALUES('AUD-20260606081756-bd71e1','2026-06-06T08:17:56.945Z','zach','evidence','platform','','','','Created shareable Markdown instructions for ADG Codex Plugin marketplace connection.','','["artifacts/adg-codex-plugin-connect.md"]','asserted');
INSERT INTO audit_events VALUES('AUD-20260606083351-94f6fd','2026-06-06T08:33:51.627Z','zach','status','feature','S07','S07','verified','Implemented ADG plugin truth-pass review updates for route/persona journey evidence and read-only validation.','','["npm run ci:governance","npm run test:adg-as-code","node /Users/zach/.codex/plugins/cache/adg-codex-plugin-marketplace/adg-codex-plugin/0.3.0/scripts/adg-ux.mjs truth-pass --feature S07 --format json --check","scripts/adg-ux.mjs","scripts/adg-elicitation.mjs","plugins/adg-governance/agentic-plugin.manifest.json"]','asserted');
INSERT INTO audit_events VALUES('AUD-20260606090553-d474e6','2026-06-06T09:05:53.117Z','zach','status','feature','S07','S07','implemented','Added a static HTML SQL engine view for the ADG governance plugin','','["docs/sql-engine-view.html","README.md","docs/sql-data-layer.md","npm run plugin:validate","Playwright render check at http://localhost:4177/docs/sql-engine-view.html"]','asserted');
INSERT INTO audit_events VALUES('AUD-20260607112309-99cdb8','2026-06-07T11:23:09.147Z','zach','evidence','platform','','','','Created Mac Fan Profile shell script and AppleScript app artifact','Added a local UI wrapper that can set fans to maximum or reset to automatic when a supported smcfan backend is installed; verified build without changing fan speed.','["artifacts/mac-fan-profile/fan-profile.sh","artifacts/mac-fan-profile/Mac Fan Profile.app","artifacts/mac-fan-profile/build-app.sh","bash -n artifacts/mac-fan-profile/fan-profile.sh artifacts/mac-fan-profile/build-app.sh","plutil -lint artifacts/mac-fan-profile/Mac Fan Profile.app/Contents/Info.plist"]','asserted');
INSERT INTO audit_events VALUES('AUD-20260607112750-0f4cc5','2026-06-07T11:27:50.147Z','zach','evidence','platform','','','','Updated Mac Fan Profile to support FanControl CLI backend','Installed FanControl.app v1.5.19 into ~/Applications after notarization verification and rebuilt the wrapper app; status path now reads fan state without changing speed.','["artifacts/mac-fan-profile/fan-profile.sh","artifacts/mac-fan-profile/README.md","~/Applications/FanControl.app/Contents/MacOS/fan --version","artifacts/mac-fan-profile/fan-profile.sh status","codesign --verify --deep --strict --verbose=2 FanControl.app","spctl --assess --type execute --verbose=4 FanControl.app"]','asserted');
INSERT INTO audit_events VALUES('AUD-20260607112845-1b0a5b','2026-06-07T11:28:45.265Z','zach','evidence','platform','','','','Placed FanControl backend in /Applications for helper registration','Moved FanControl.app v1.5.19 from ~/Applications to /Applications so its embedded fan CLI and SMAppService helper use the expected bundle location; verified status read through the wrapper.','["/Applications/FanControl.app/Contents/MacOS/fan","artifacts/mac-fan-profile/fan-profile.sh status"]','asserted');
INSERT INTO audit_events VALUES('AUD-20260607113610-c0ad20','2026-06-07T11:36:10.064Z','zach','evidence','platform','','','','Added live temperature graph and CSV logging to Mac Fan Profile app','Replaced the AppleScript dialog with a native SwiftUI app that samples FanControl/iSMC telemetry, graphs current and chip max temperatures, shows current/max/session values, and appends temperature-log.csv beside the app while running.','["artifacts/mac-fan-profile/MacFanProfileApp.swift","artifacts/mac-fan-profile/Mac Fan Profile.app","artifacts/mac-fan-profile/temperature-log.csv","Mac Fan Profile --sample-once","Mac Fan Profile --log-once","plutil -lint artifacts/mac-fan-profile/Mac Fan Profile.app/Contents/Info.plist","codesign --verify --deep --strict --verbose=2 artifacts/mac-fan-profile/Mac Fan Profile.app"]','asserted');
INSERT INTO audit_events VALUES('AUD-20260607114437-e35ba0','2026-06-07T11:44:37.959Z','zach','evidence','platform','','','','Updated Mac Fan Profile for CPU/GPU overlays, fan-speed logging, and one-time admin fallback','Added GPU temperature sampling and graph overlay, changed CSV schema to include fan_speed_rpm at sample time, archived older log schema automatically, and changed fan writes to try the helper path before a one-time administrator fallback.','["artifacts/mac-fan-profile/MacFanProfileApp.swift","artifacts/mac-fan-profile/fan-profile.sh","artifacts/mac-fan-profile/temperature-log.csv","Mac Fan Profile --sample-once","Mac Fan Profile --log-once","fan list shows Auto target 1000"]','asserted');
INSERT INTO audit_events VALUES('AUD-20260607115543-12a048','2026-06-07T11:55:43.754Z','zach','evidence','platform','','','','Added clickable CPU/GPU detail graphs, usage overlays, and fan RPM graph overlay','Mac Fan Profile now supports CPU and GPU metric clicks for per-core/per-sensor temperature graphs, logs CPU/GPU usage alongside temperatures and fan_speed_rpm, overlays optional usage percent and fan RPM on the graph, and keeps fan control returned to macOS Auto.','["artifacts/mac-fan-profile/MacFanProfileApp.swift","artifacts/mac-fan-profile/README.md","artifacts/mac-fan-profile/temperature-log.csv","Mac Fan Profile --log-once","fan list shows Auto target 1000"]','asserted');
INSERT INTO audit_events VALUES('AUD-20260607121102-4c842e','2026-06-07T12:11:02.471Z','zach','evidence','platform','','','','Changed Mac Fan Profile admin fallback to once per app launch','Fan write actions now try FanControl helper-backed CLI first; if blocked, the app requests administrator approval at most once per running app process and never for passive monitoring, refresh, graphing, or CSV logging.','["artifacts/mac-fan-profile/MacFanProfileApp.swift","artifacts/mac-fan-profile/README.md","Mac Fan Profile --sample-once","Mac Fan Profile --log-once","fan list shows Auto target 1000"]','asserted');
INSERT INTO audit_events VALUES('AUD-20260607122558-4773d7','2026-06-07T12:25:58.798Z','zach','evidence','platform','','','','Fixed Mac Fan Profile repeated fan-control changes after admin fallback','Adjusted authorization state so successful administrator fallback no longer locks out subsequent fan changes in the same app launch; only a failed/cancelled fallback suppresses repeated attempts. Added Auto +50% middle fan mode and documentation.','["artifacts/mac-fan-profile/MacFanProfileApp.swift","artifacts/mac-fan-profile/fan-profile.sh","artifacts/mac-fan-profile/README.md","Mac Fan Profile --sample-once","Mac Fan Profile --log-once","fan list shows Auto mode"]','asserted');
INSERT INTO audit_events VALUES('AUD-20260608125142-2219f6','2026-06-08T12:51:42.090Z','zach','decision','feature','S07','S07','implemented','Added Proofline delivery lanes, risk classifier, fast profiles, and alignment aliases','Introduced lane-based governance so spikes and quick fixes avoid full gates while sensitive and signoff work retain evidence requirements.','["npm run ci:governance","npm run test:delivery-lanes"]','asserted');
INSERT INTO audit_events VALUES('AUD-20260608131652-c9ef4b','2026-06-08T13:16:52.038Z','zach','test-result','feature','S07','S07','verified','Added ADG 0.4.0 Proofline install/update mechanism and GitHub lane guard','','["config/agentic/delivery-lanes.json","scripts/adg-work-classify.mjs","scripts/adg-install.mjs","tooling/delivery-lanes/test-delivery-lanes.mjs","tooling/delivery-lanes/test-adg-install.mjs"]','asserted');
INSERT INTO audit_events VALUES('AUD-20260608135446-0a4833','2026-06-08T13:54:46.650Z','zach','test-result','feature','S07','S07','verified','Promoted the source-managed process name to Proofline v0.9','','["config/agentic/delivery-lanes.json","scripts/adg-install.mjs","docs/proofline-v0-9-release-notes.md","npm run test:adg-install","npm run test:delivery-lanes"]','asserted');
INSERT INTO audit_events VALUES('AUD-20260608135605-63b450','2026-06-08T13:56:05.239Z','zach','test-result','feature','S07','S07','verified','Added Proofline v0.9 guardrail tool mappings','','["config/agentic/guardrails.json","tooling/agent-evals/scenarios/proofline-install-allowed.json","npm run guardrails:check -- --tool proofline.install","npm run guardrails:check -- --tool proofline.guard","npm run agent:evals"]','asserted');
INSERT INTO audit_events VALUES('AUD-20260609122648-c41ff2','2026-06-09T12:26:48.389Z','zach','test-result','platform','','','verified','F-A evidence tiers + release gate implemented and verified. evidence_tier (asserted<config<test<live) added to backlog_item_events and audit_events; --tier threaded through backlog:verify and audit:record; release_gate_violations view + backlog:validate check enforce that release-class:* features need a live event to sign off. Closes v0.9.1 F2.','Sensitive classes (deploy/infra/performance/runtime-security/data-residency) declared via release-class:* labels; canonical list in config/agentic/guardrails.json evidence block. Tier of this claim is test: proven by automated gate, the strongest honest tier for a tool with no production system.','["npm run ci:governance","npm run test:backlog-evidence-gate"]','test');
INSERT INTO audit_events VALUES('AUD-20260609123612-9363ed','2026-06-09T12:36:12.985Z','zach','comment','platform','','','','F-A hardening after adversarial multi-agent review: backlog:validate now flags non-canonical release-class:* labels, reading the canonical set from guardrails.json at runtime (single source of truth). Release gate kept fail-safe (any release-class:* is gated); releaseItem tier behaviour documented. Evidence-gate test now 5 checks; ci:governance green.','Resolves review finding (high, 0.95): gate matched any release-class:* not only the canonical five. Chosen resolution flags unknown classes rather than narrowing the gate, preserving deny-by-default fail-safe behaviour.','["npm run ci:governance","npm run test:backlog-evidence-gate"]','test');
INSERT INTO audit_events VALUES('AUD-20260609125627-d66d27','2026-06-09T12:56:27.350Z','zach','test-result','platform','','','verified','F-B conformance doctor implemented, reviewed, and hardened. scripts/adg-doctor.mjs runs 5 checks (tracked-sqlite, tracked-ignored, committed-artifact-gate incl. CI configs, embedded-provenance, claude-sync), exits 1 on drift. Wired into adg:install:status (fails on drift), adg:install/update (warn), and ci:governance. ADG self-conformant. Closes v0.9.1 F1/R1.','Multi-agent review: installer wiring clean (doctor exception-safe, isMain guard, status exit-1-on-drift, warn-not-fail on install/update). High-confidence finding addressed: committed-artifact-gate now scans .github/workflows + GitLab/CircleCI/etc., not only package.json. Comment/scope refinements applied for the other findings.','["npm run ci:governance","npm run adg:doctor","npm run test:adg-doctor"]','test');
INSERT INTO audit_events VALUES('AUD-20260609131925-c2ec2d','2026-06-09T13:19:25.929Z','zach','test-result','platform','','','verified','F-E installer --client claude implemented, reviewed, signed off. adg:install/update --client claude lays down the deterministic Claude Code layer (PreToolUse hook, .claude/settings.json hook+permissions, slash commands, doctor, generator) and a CLAUDE.md generated from the host AGENTS.md, tracked+backed-up in adg-install-state.json. --client base is a first-class downgrade. Base install unchanged.','Multi-agent review: both lenses clean (settings.json valid + correct deny>ask precedence, hook blocks destructive/asks production standalone in host, CLAUDE.md generation idempotent, scripts self-contained, base behaviour preserved, dry-run dry). Low finding (no downgrade path) addressed by making --client base first-class with a pruning test.','["npm run ci:governance","npm run test:adg-install-claude","npm run test:adg-install"]','test');
INSERT INTO audit_events VALUES('AUD-20260609133510-c2829b','2026-06-09T13:35:10.940Z','zach','test-result','platform','','','verified','Optional adapters complete: harness-neutral Codex pre-tool adapter (reuses the locked adg-guardrail-hook.mjs, emits uniform decision) and a read-only governance MCP server (classify_work/context_packet read-only, record_audit append-only). Both reviewed and gated. v0.9.2 plan F-A/F-B/F-E + optional adapters all signed off; ci:governance green.','Multi-agent review: MCP server clean (no shell/flag injection, context_packet side-effect-free, record_audit append-only). Adapter: fixed a high-confidence null-input crash and made it fail CLOSED for mutating tools when the hook cannot run (was fail-open). 8 adapter + 4 MCP checks lock both.','["npm run ci:governance","npm run test:adg-codex-hook","npm run test:adg-mcp"]','test');
INSERT INTO audit_events VALUES('AUD-20260609135541-5c4b09','2026-06-09T13:55:41.169Z','zach','test-result','platform','','','implemented','Created updated ADG executive summary PDF covering Claude integration, connectors, deterministic workflow, evidence tiers, and release-gate updates','Generated output/pdf/agentic-development-platform-executive-summary.pdf from targeted local repository evidence; PDF text extraction and render checks passed.','["output/pdf/agentic-development-platform-executive-summary.pdf","pdfplumber text extraction: pages=7, required sections present","pdftoppm render check: rendered_pages=7"]','test');
INSERT INTO audit_events VALUES('AUD-20260609141050-4f3150','2026-06-09T14:10:50.388Z','zach','test-result','platform','','','verified','Fixed abs() absolute-path bug across 15 governance scripts: abs() now honours an absolute path (path.isAbsolute(file) ? file : path.join(root, file)) instead of re-rooting it under the repo, matching the 3 scripts already fixed. Unblocks absolute --seed/--target/--evidence paths.','Found during F-A (the evidence-gate test had worked around it with path.relative); that test now passes an absolute --seed directly as a regression guard. 18 scripts now consistent.','["npm run ci:governance","npm run test:backlog-evidence-gate"]','test');
INSERT INTO audit_events VALUES('AUD-20260610015504-f1fe71','2026-06-10T01:55:04.416Z','zach','test-result','platform','','','implemented','Added Otterblock copyright and ABN footer note to the ADG executive summary PDF','Stamped every page with Copyright (c) 2026 Otterblock Pty Ltd. ABN 91 614 672 794. All rights reserved.; PDF text extraction and visual render checks passed.','["output/pdf/agentic-development-platform-executive-summary.pdf","pdfplumber text extraction: pages=7, copyright and ABN present","pdftoppm render check: first and final pages visually inspected"]','test');
INSERT INTO audit_events VALUES('AUD-20260610112008-826140','2026-06-10T11:20:08.929Z','zach','status','platform','','','implemented','Built apps/dashboard: read-only SvelteKit governance dashboard (overview, backlog, audit, guardrails, evals) reading backlog.sqlite via sqlite3 CLI plus JSON/JSONL artifacts; no auth, no data deps','','["apps/dashboard","npm run dashboard:build"]','test');
INSERT INTO audit_events VALUES('AUD-20260610112703-000323','2026-06-10T11:27:03.016Z','zach','status','platform','','','implemented','adg:install/update now ship the governance dashboard to host repos via --dashboard on|off: 19 managed files installed at apps/adg-dashboard, adg:dashboard package script, choice persisted in adg-install-state.json, prune (files + managed script) on --dashboard off','','["scripts/adg-install.mjs","temp host install/update/prune cycle + all 5 routes HTTP 200 with empty data","npm run ci:governance"]','test');
INSERT INTO audit_events VALUES('AUD-20260610113005-a26162','2026-06-10T11:30:05.506Z','zach','status','platform','','','implemented','Dockerised the governance dashboard: multi-stage node:22-alpine image (adapter-node build + sqlite3 CLI), governed repo mounted read-only at /repo via ADG_ROOT; Dockerfile/.dockerignore shipped to adopters in the installer''s dashboard file set; dashboard:docker root script added','','["apps/dashboard/Dockerfile","docker run smoke: all 5 routes HTTP 200 against mounted repo, live audit data visible"]','live');
INSERT INTO audit_events VALUES('AUD-20260615004233-3c17a5','2026-06-15T00:42:33.756Z','zach','status','platform','','','released','Re-attributed adg-governance plugin (Claude Code + Codex adapters) and marketplace to Zach Reeder (OtterBlock Pty Ltd); bumped plugin/marketplace to 0.4.1; standardised contact to zach+github@otterblock.com.au. Publishing via GitHub marketplace zreed3/agentic-development-platform + a dedicated marketplace repo.','','["plugins/adg-governance/.claude-plugin/plugin.json",".claude-plugin/marketplace.json","npm run plugin:validate","npm run ci:governance (GATE_EXIT=0)"]','test');
INSERT INTO audit_events VALUES('AUD-20260615023513-bcb2bc','2026-06-15T02:35:13.980Z','zach','decision','platform','','','implemented','ADG 1.0 Loop 1: toggleable controls as policy-as-code (always-on pins for destructive-deny/audit-append-only/forbidden-bulk-read; governed audited toggle via adg-toggle-control.mjs); hardened the deterministic hook (closed 5 real bypasses: git -c push, separated rm -r -f, find -delete, curl|bash, audit-log tamper; added billing + control-file guard); evals now drive the REAL hook with 3 new scenarios (indirect injection, multi-agent propagation, toggle-abuse); MCP TOON default + outputSchema/structuredContent + secret redaction; prefix-stable context packet; alignment assessment doc (OWASP LLM Top 10, ISO 42001, Three Lines, ISO 31000).','Judge panel: 7 change units, 3 opus judges each, refute-by-default, 21/21 approve, 0 weakensInvariant, all measured wins re-verified by judges. Measured token deltas: agent:evals stdout 1337 to 94 est tokens (-93%) while adding 3 scenarios; MCP context_packet default 5048 to 1386 est tokens (-73% per call). Deny-by-default and append-only audit strengthened, never weakened. Reason: take ADG 0.9.1 toward 1.0 along security, token, and structured-output axes. Risk: low (additive, gate-verified, negative tests added). Rollback: git revert of the loop-1 changes.','["npm run ci:governance (GATE_EXIT=0)","npm run test:adg-toggles (11/11)","npm run test:adg-hook (27/27)","npm run agent:evals (8 scenarios, 3 hook-probed)","docs/governance-alignment.md","scripts/adg-toggle-control.mjs"]','test');
INSERT INTO audit_events VALUES('AUD-20260615032749-1572d1','2026-06-15T03:27:49.385Z','zach','decision','platform','','','implemented','ADG 1.0 Loop 2 (consolidation + audit integrity): installer now ships the single policy source + validator + governed toggle + audit recorder/chain to hosts with merge-aware update (preserves host governed toggles, never carries a relaxed always-on forward, --force-policy re-baselines); --client codex/both added and the Codex adapter host-hook path + a symlink isMain bug fixed; append-only audit log now carries a rolling hash chain (shared canonicalizer, forward-only, single appendFileSync) where edit/delete/reorder/insert in the chained region is a hard FAIL; doctor controls-drift check (relaxed always-on or unaudited disable = FAIL); read-only control_state MCP tool; broadened destructive coverage (chmod -R 000) + Bash-branch policy-write guard; --quiet gate validators.','Design-reviewed before build (RFC 9162 / research.swtch tlog / GoLogX for the chain). Judge panel: 7 units, 3 opus judges each, refute-by-default, 20/21 approve (the 1 reject was a token-delta lens on a non-token security unit; majority shipped it), 0 weakensInvariant. This event is the chain anchor (prevHash = GENESIS). Measured: guardrail-check 107->15 quiet tokens, validate-audit 67->14. Reason: complete the 1.0 consolidation and audit-integrity axes. Risk: low (additive, gate-verified, negative tests). Rollback: git revert of the loop-2 changes. Deferred (tracked): external git tip-anchor to close hash-chain tail-truncation.','["npm run ci:governance (GATE_EXIT=0)","npm run test:adg-audit-chain (8/8)","npm run test:adg-install-codex (15/15)","npm run test:adg-hook (32/32)","scripts/audit-chain.mjs","docs/audit-chain.md"]','test');
INSERT INTO audit_events VALUES('AUD-20260615034238-a67cc1','2026-06-15T03:42:38.530Z','zach','comment','platform','','','','Hardened audit hash-chain: chain-state high-water-mark sidecar closes the strip-all-hashes laundering (A) and chained-tip truncation (B) holes; legacy prefix frozen by digest (C/D); negative tests added','','["tooling/adg-as-code/test-adg-audit-chain.mjs","scripts/audit-chain.mjs","scripts/validate-audit.mjs"]','test');
INSERT INTO audit_events VALUES('AUD-20260615040439-cea067','2026-06-15T04:04:39.786Z','zach','decision','platform','','','released','ADG 1.0.0 release. Three self-converging ultra-loops took ADG 0.9.1 to 1.0: (L1) toggleable controls as policy-as-code with always-on pins + governed audited toggle, hardened deterministic hook closing 5 real bypasses, evals driving the real hook + injection/propagation/toggle-abuse scenarios, MCP TOON default + structured outputs, prefix-stable context packet, and the governance alignment assessment (OWASP LLM Top 10 / ISO 42001 / Three Lines / ISO 31000); (L2) append-only audit rolling hash chain + high-water-mark sidecar, one-install consolidation shipping a single policy source to the Claude and Codex adapters with merge-aware update, doctor controls-drift, read-only control_state MCP tool, broadened destructive coverage, --quiet validators; (L3) version 1.0.0 across the full surface, AGENTS.md + regenerated CLAUDE.md, README, release notes, the governance-controls release class (live-evidence-required), and a read-only dashboard controls view.','Each loop: research swarm + adversarial gap/design-review swarm + build + odd-judge panel (refute-by-default, distinct lenses) + green ci:governance + consolidated audit event + completeness critic. Judge totals across loops: 21/21 (L1), 20/21 (L2), 14/15 (L3) approve, 0 weakensInvariant in any loop. Deny-by-default and the append-only audit log were strengthened, never weakened; toggling a control is a governed, audited action; always-on controls (destructive deny, audit append-only, forbidden-bulk read) are pinned in code. Measured token deltas: MCP context packet 5048->1386 (-73%/call); agent:evals stdout 1337->94 (-93%); guardrail-check --quiet 107->15; validate-audit --quiet 67->14. No em dashes in generated output. Reason: ADG 1.0 GA. Risk: low (additive, gate-verified, negative tests throughout, 3 independent judge panels). Rollback: git revert to 0.9.1. Deferred post-1.0 (documented in release notes): audit-chain external git tip-anchor, context cachePrefix + broker pagination.','["npm run ci:governance (GATE_EXIT=0)","docs/release-notes-1.0.md","docs/governance-alignment.md","docs/agent-guides/adg-1.0-loop-log.md","package.json version 1.0.0"]','test');
INSERT INTO audit_events VALUES('AUD-20260615073731-5f9de2','2026-06-15T07:37:31.963Z','zach','status','platform','','','implemented','Skills/plugins updated for 1.1 tooling + added context-bound swarm skills. (1) Five existing skills now reference the new deliverable-quality tooling so agents reach for it proactively: adg-quick-ui-fix (run asset:lint on image assets), adg-signoff-reviewer + agentic-traceability + adg-evidence-curator (release-class:visual + live rendered-artifact evidence + completeness-critic), adg-feature-elicitation (check uncovered-intent gaps). (2) Three new orchestration skills encode a context-bound, backlog-logged swarm to cut tokens: adg-backlog-decompose (Opus/Sonnet planner logs small items), adg-item-worker (Sonnet/Haiku works one item under its bounded packet), adg-backlog-swarm (parent orchestrates, keeps integration + audit log).','Skills are playbooks over existing ADG primitives (backlog lifecycle, agent:loop worklist, context:item, write-scope); no new runtime. Measured token basis for the swarm: one item packet is 1353 est tokens (TOON) vs 5048 for the whole-feature monolith, and workers do not accumulate sibling context. skills:validate green (19 skills), all under maxSkillBytes 5000, no forbidden terms. Reason: friend-agent feedback (agents should use the new gates) + cut token usage further. Risk: low (skills are advisory prompts; deterministic gates unchanged). Rollback: git revert the skill changes + remove the 3 manifest entries.','["npm run ci:governance (GATE_EXIT=0)","npm run skills:validate (19 skills)","skills/adg-backlog-swarm/SKILL.md","config/agentic/skill-manifest.json"]','test');
INSERT INTO audit_events VALUES('AUD-20260615111655-9bb254','2026-06-15T11:16:55.937Z','zach','verify','platform','','','implemented','Closed 9 verified ADG_WRITE_SCOPE write-scope bypasses in the deterministic PreToolUse hook (adg-guardrail-hook.mjs): (1) normRel now collapses ../ before scope match; (2) patch positional/-o blocked; (3) git apply/am/pull/merge/rebase/cherry-pick/restore/checkout/stash blocked incl. global-option insertion; (4) tee extracts all file args; (5) cp <stdin redirect no longer hides dest; (6) >| noclobber-override detected; (7) python/node/perl/ruby/swift inline one-liners refused under scope; (8) ed/ex line editors refused; (9) ln symlink points-at target scope-checked. Single hook enforces both Claude + Codex clients.','','["test-adg-guardrail-hook 60/60; test-adg-write-scope 57/57 (Claude hook + Codex adapter); agent:evals 8/8; npm run ci:governance exit 0; direct adversarial probes confirm exit 2 for all 9 escapes and exit 0 for in-scope writes/reads"]','test');
INSERT INTO audit_events VALUES('AUD-20260615111738-1299d6','2026-06-15T11:17:38.887Z','zach','test-result','platform','','','implemented','Corrective re-classification of AUD-20260615111655-9bb254 (recorded with non-canonical eventType ''verify''): canonical type is ''test-result''. Same fact stands — the 9 ADG_WRITE_SCOPE bypasses in adg-guardrail-hook.mjs are closed and verified by passing tests.','','["test-adg-guardrail-hook 60/60; test-adg-write-scope 57/57 (Claude hook + Codex adapter); agent:evals 8/8; ci:governance exit 0; adversarial probes exit 2 on all 9 escapes, exit 0 in-scope"]','test');
INSERT INTO audit_events VALUES('AUD-20260615131619-51e8f1','2026-06-15T13:16:19.155Z','zach','test-result','platform','','','implemented','ADG_WRITE_SCOPE hardening converged after 13 adversarial judge rounds (rounds 5-13 beyond the first 9 bypasses). Closed write channels: download/move/compress output flags (curl -o/-O, wget -O and bare, gzip family, sort and shuf -o, uniq output positional); embedded shell-expansion targets now fail closed; compile/link/crypto/doc output flags (cc/gcc/clang/go/ld/objcopy/rollup/babel/pandoc/rustc -o, openssl -out, --out long flags); in-place rewriters (prettier/eslint/stylelint/gofmt/clang-format/autopep8/yapf/biome/black/isort/rustfmt/ruff) with per-tool read-only-mode and per-group value-flag handling; sed -i multi-file; perl and ruby -ne loops; deno eval; bash -c and sh -c; pipe into a bare shell; NotebookEdit notebook_path. Fixed over-blocks: grep with a build-tool search term plus -o, git stash list/show and merge/rebase --abort, separated value-flag values mis-read as paths. Documented residual: program-that-writes (node build.js, make), niche in-place data processors (yq, jq), obfuscated interpreter code. Final judges returned NO ESCAPE FOUND and NO OVER-BLOCK FOUND.','','["test-adg-write-scope 220/220 (Claude hook + Codex adapter); test-adg-guardrail-hook 61/61; test-adg-codex-hook 8/8; ci:governance exit 0; round-13 escape judge NO ESCAPE FOUND; round-12 over-block judge clean across 53 verified commands"]','test');
INSERT INTO audit_events VALUES('AUD-20260620051927-3d1f29','2026-06-20T05:19:27.704Z','zach','status','feature','S01','S01','in-progress','Add P9 subagent budget gate: packages/core/subagent-gate.mjs (pure decision) + PreToolUse/Task & SubagentStop hook bounding fan-out (maxConcurrent/maxTotal) per loop-budget.json; quality gate, fails open, default warn. 13 unit/negative checks + live hook smoke; wired into ci:governance (green). Adds docs/adg-scorecard.md and research/agentic-field-map-2026-06-20.md.','','[]','test');
INSERT INTO audit_events VALUES('AUD-20260620053449-f88592','2026-06-20T05:34:49.063Z','zach','status','feature','S07','S07','in-progress','Research-to-release loop (governed, bounded, L0-classified, treated as L2 writes): produced research/gap-analysis.md (P1-P12 + 6 §9 open questions, each with a plan), research/improvement-plan.md (I1-I8 anchored testable improvements + no-action rationale), research/component-disposition.md (every component KEEP/UPDATE/REPLACE, no RETIRE), and a full README.md rewrite (9 sections: what/use-cases/loops/12-areas/setup/harnesses/Claude/Codex/coming-soon/context-benefits). All commands verified against package.json; abstract model tiers only. Verifiers green: ci:governance EXIT=0, adg:doctor 6/6.','','[]','test');
INSERT INTO audit_events VALUES('AUD-20260620055904-2a4cae','2026-06-20T05:59:04.450Z','zach','comment','feature','S07','S07','','Research-to-release loop re-verification on the COMMITTED tree (commit e51637f). Independently re-checked the four loop artifacts against their step verifiers: gap-analysis.md (P1-P12 + 6 §9 questions + P9 cross-parity, each with a plan), improvement-plan.md (I1-I9 anchored testable improvements + no-action rationale), component-disposition.md (every enumerated component dispositioned; no RETIRE), and the README rewrite (all 9 sections). All complete; no regeneration needed (look-before-replace, P10). Ground-truth gates re-run on clean tree: ci:governance EXIT=0, adg:doctor 6/6, zero tracked drift. Prior loop event AUD-20260620053449-f88592 was recorded in-progress on an uncommitted tree; this closes it out post-commit.','','[]','test');
INSERT INTO audit_events VALUES('AUD-20260620061239-86ab34','2026-06-20T06:12:39.357Z','zach','status','feature','S07','S07','in-progress','Add docs/agent-setup-guide.md: a paste-into-an-agent runbook to set up ADG (evaluate the repo / install into a host via adg:init|adg:install / configure config/agentic / operate under the lanes+audit+release-gate rules). Grounded in a research+verify workflow over scripts/adg-init.mjs, adg-install.mjs, adg-doctor.mjs, package.json, AGENTS.md, adg-mcp-server.mjs; then adversarially reviewed (command accuracy / completeness / doctor-safety) — all lenses clean. Corrections baked in: MCP server exposes FOUR tools (incl. control_state), ci:governance does not end at adg:doctor, --client accepts base, model IDs isolated to models.json. README links the guide. ci:governance EXIT=0, adg:doctor 6/6. Committing + pushing per user request.','','[]','test');
INSERT INTO audit_events VALUES('AUD-20260620062417-88c898','2026-06-20T06:24:17.647Z','zach','comment','platform','','','','AGENTS.md: correct governance MCP server tool list to include read-only control_state (4 tools: classify_work, context_packet, control_state, record_audit); regenerated CLAUDE.md; adg:doctor claude-sync clean','','[]','test');
INSERT INTO audit_events VALUES('AUD-20260620063218-9d7fc6','2026-06-20T06:32:18.364Z','zach','status','feature','S01','S01','implemented','ADG v2.0.0 official release: root package.json 1.1.0 -> 2.0.0 (matches @adg/core, @adg/sdk, @adg/cli at 2.0.0); docs/release-notes-2.0.md added (tiered governed harness + SDK over vendor loops: governor, backpressure, context-lifecycle hooks, subagent fan-out cap, model orchestrator, @adg/sdk Claude+OpenAI adapters, Codex lifecycle adapters, adg init + surface parity, agent setup guide; deferred follow-ups labeled, not shipped); README v2.0 callout + release-notes link. Release notes adversarially verified (no-overclaim / accuracy / style+doctor-safety) all clean. Full gate green: ci:governance EXIT=0, adg:doctor 6/6. Merging to main and tagging v2.0.0.','','[]','test');
CREATE TABLE backlog_item_events (id TEXT PRIMARY KEY, item_id TEXT NOT NULL, feature_id TEXT NOT NULL, event_type TEXT NOT NULL, status TEXT NOT NULL, actor TEXT NOT NULL, summary TEXT NOT NULL, details TEXT NOT NULL DEFAULT '', evidence_json TEXT NOT NULL DEFAULT '[]', created_at TEXT NOT NULL, git_branch TEXT NOT NULL DEFAULT '', git_commit TEXT NOT NULL DEFAULT '', git_status TEXT NOT NULL DEFAULT '', evidence_tier TEXT NOT NULL DEFAULT 'asserted' CHECK (evidence_tier IN ('asserted', 'config', 'test', 'live')), FOREIGN KEY(item_id) REFERENCES feature_items(id), FOREIGN KEY(feature_id) REFERENCES features(id));
CREATE TABLE backlog_item_claims (item_id TEXT PRIMARY KEY, feature_id TEXT NOT NULL, actor TEXT NOT NULL, claimed_at TEXT NOT NULL, expires_at TEXT NOT NULL, status TEXT NOT NULL, write_scope_json TEXT NOT NULL DEFAULT '[]', notes TEXT NOT NULL DEFAULT '', last_event_id TEXT NOT NULL DEFAULT '', FOREIGN KEY(item_id) REFERENCES feature_items(id), FOREIGN KEY(feature_id) REFERENCES features(id));
CREATE VIEW feature_tasks AS SELECT id, feature_id, position, title, status FROM feature_items WHERE item_type = 'task';
CREATE VIEW feature_test_cases AS SELECT id, feature_id, position, title, status FROM feature_items WHERE item_type = 'test_case';
CREATE VIEW feature_success_criteria AS SELECT id, feature_id, position, title, status FROM feature_items WHERE item_type = 'success_criterion';
CREATE VIEW feature_use_cases AS SELECT id, feature_id, position, title, status FROM feature_items WHERE item_type = 'use_case';
CREATE VIEW persona_workflows AS SELECT id, feature_id, persona_id, rbac_role, realm, access_level, workflow, expected_state, primary_route, notes, status FROM feature_persona_workflows;
CREATE VIEW feature_current_status AS SELECT f.id AS feature_id, f.title, f.status AS planned_status, COALESCE((SELECT a.status FROM audit_events a WHERE a.feature_id = f.id AND a.status <> '' ORDER BY a.occurred_at DESC, a.id DESC LIMIT 1), f.status) AS current_status, (SELECT a.summary FROM audit_events a WHERE a.feature_id = f.id ORDER BY a.occurred_at DESC, a.id DESC LIMIT 1) AS latest_update, (SELECT a.occurred_at FROM audit_events a WHERE a.feature_id = f.id ORDER BY a.occurred_at DESC, a.id DESC LIMIT 1) AS latest_update_at FROM features f;
CREATE VIEW backlog_item_current_status AS SELECT i.id, i.feature_id, i.item_type, i.position, i.title, i.status AS base_status, COALESCE((SELECT e.status FROM backlog_item_events e WHERE e.item_id = i.id AND e.status <> '' ORDER BY e.created_at DESC, e.id DESC LIMIT 1), i.status) AS current_status, (SELECT e.summary FROM backlog_item_events e WHERE e.item_id = i.id ORDER BY e.created_at DESC, e.id DESC LIMIT 1) AS latest_update, (SELECT e.created_at FROM backlog_item_events e WHERE e.item_id = i.id ORDER BY e.created_at DESC, e.id DESC LIMIT 1) AS latest_update_at, CASE WHEN c.status = 'active' AND c.expires_at > strftime('%Y-%m-%dT%H:%M:%fZ','now') THEN c.actor ELSE '' END AS active_claim_actor, CASE WHEN c.status = 'active' AND c.expires_at > strftime('%Y-%m-%dT%H:%M:%fZ','now') THEN c.expires_at ELSE '' END AS active_claim_expires_at, c.write_scope_json AS write_scope_json FROM feature_items i LEFT JOIN backlog_item_claims c ON c.item_id = i.id;
CREATE VIEW backlog_summary AS SELECT f.id, e.name AS epic, f.feature_key, f.title, f.priority, f.estimate, f.status, f.release_band, (SELECT count(*) FROM feature_items t WHERE t.feature_id = f.id AND t.item_type = 'task') AS task_count, (SELECT count(*) FROM feature_items tc WHERE tc.feature_id = f.id AND tc.item_type = 'test_case') AS test_count FROM features f JOIN epics e ON e.id = f.epic_id ORDER BY f.id;
CREATE VIEW release_gate_violations AS SELECT i.id AS item_id, i.feature_id, f.title AS feature_title, (SELECT group_concat(replace(fl.label, 'release-class:', ''), ', ') FROM feature_labels fl WHERE fl.feature_id = f.id AND fl.label LIKE 'release-class:%') AS release_classes, s.current_status, COALESCE((SELECT max(CASE e.evidence_tier WHEN 'live' THEN 3 WHEN 'test' THEN 2 WHEN 'config' THEN 1 ELSE 0 END) FROM backlog_item_events e WHERE e.item_id = i.id), 0) AS max_evidence_rank FROM feature_items i JOIN features f ON f.id = i.feature_id JOIN backlog_item_current_status s ON s.id = i.id WHERE EXISTS (SELECT 1 FROM feature_labels fl WHERE fl.feature_id = f.id AND fl.label LIKE 'release-class:%') AND s.current_status = 'verified' AND NOT EXISTS (SELECT 1 FROM backlog_item_events e WHERE e.item_id = i.id AND e.evidence_tier = 'live');
CREATE INDEX idx_feature_dependencies_feature ON feature_dependencies(feature_id);
CREATE INDEX idx_feature_items_feature_type_order ON feature_items(feature_id, item_type, position);
CREATE INDEX idx_routes_feature ON routes(feature_id);
CREATE INDEX idx_integrations_feature ON integrations(feature_id);
CREATE INDEX idx_audit_events_feature_time ON audit_events(feature_id, occurred_at);
CREATE INDEX idx_backlog_item_events_item_time ON backlog_item_events(item_id, created_at);
CREATE INDEX idx_backlog_item_events_feature_time ON backlog_item_events(feature_id, created_at);
CREATE INDEX idx_backlog_item_claims_status_expires ON backlog_item_claims(status, expires_at);
COMMIT;
