PRAGMA foreign_keys=OFF;
BEGIN TRANSACTION;
CREATE TABLE metadata (key TEXT PRIMARY KEY, value TEXT NOT NULL);
INSERT INTO metadata VALUES('source','seed');
INSERT INTO metadata VALUES('initiative','Agentic Development Platform');
INSERT INTO metadata VALUES('seed_path','data/seed/backlog.seed.json');
CREATE TABLE labels (label TEXT PRIMARY KEY);
INSERT INTO labels VALUES('governance');
INSERT INTO labels VALUES('security');
INSERT INTO labels VALUES('tooling');
INSERT INTO labels VALUES('docs');
INSERT INTO labels VALUES('metrics');
INSERT INTO labels VALUES('context');
INSERT INTO labels VALUES('mcp');
CREATE TABLE epics (id TEXT PRIMARY KEY, name TEXT NOT NULL UNIQUE, summary TEXT NOT NULL DEFAULT '', labels_json TEXT NOT NULL DEFAULT '[]');
INSERT INTO epics VALUES('EPIC-GOV','Governance Core','Risk-class guardrails, append-only audit, AI-security evals, and delivery metrics.','["governance","security"]');
INSERT INTO epics VALUES('EPIC-CTX','Context Discipline','SQL-first backlog and the context broker that selects bounded, cheap context packets.','["context","tooling"]');
CREATE TABLE features (id TEXT PRIMARY KEY, epic_id TEXT NOT NULL, feature_key TEXT NOT NULL DEFAULT '', title TEXT NOT NULL, priority INTEGER, estimate INTEGER, status TEXT NOT NULL DEFAULT 'planned', release_band TEXT NOT NULL DEFAULT 'TBD', slug TEXT NOT NULL DEFAULT '', classification TEXT NOT NULL DEFAULT 'internal', category TEXT NOT NULL DEFAULT 'general', labels_json TEXT NOT NULL DEFAULT '[]', personas_json TEXT NOT NULL DEFAULT '[]', permissions_json TEXT NOT NULL DEFAULT '[]', anchors_json TEXT NOT NULL DEFAULT '[]', architecture TEXT NOT NULL DEFAULT '', ux TEXT NOT NULL DEFAULT '', source TEXT NOT NULL DEFAULT 'seed', FOREIGN KEY(epic_id) REFERENCES epics(id));
INSERT INTO features VALUES('S01','EPIC-GOV','GOV-GUARDRAILS','Risk-class guardrail policy',0,3,'planned','P0','guardrail-policy','internal','agentic-tooling','["governance","security"]','["agent","maintainer"]','["governance.read","governance.write"]','["config/agentic/guardrails.json","scripts/guardrail-check.mjs"]','Declarative deny-by-default policy in config/agentic/guardrails.json, validated by a standalone checker. Risk classes map tools to confirmation requirements and required evidence.','','seed');
INSERT INTO features VALUES('S02','EPIC-GOV','GOV-AUDIT','Append-only audit log',0,3,'planned','P0','append-only-audit','internal','agentic-tooling','["governance"]','["agent","maintainer"]','["governance.write"]','["scripts/validate-audit.mjs","scripts/record-audit.mjs","data/audit/audit-log.jsonl"]','Event-sourced JSONL log mirrored into the audit_events table. Never rewritten; corrections are appended as comment/decision events.','','seed');
INSERT INTO features VALUES('S03','EPIC-GOV','GOV-EVALS','Agent evals and AI-security scenarios',1,5,'planned','P1','agent-evals','internal','agentic-tooling','["security","governance"]','["agent","maintainer"]','["governance.read"]','["scripts/run-agent-evals.mjs","tooling/agent-evals/scenarios"]','Scenario fixtures mapped to OWASP LLM and NIST AI-RMF risks, scored against the guardrail policy. Results mirrored into SQLite/SQL/JSON.','','seed');
INSERT INTO features VALUES('S04','EPIC-GOV','GOV-DORA','DORA-style delivery metrics',2,3,'planned','P2','dora-metrics','internal','metrics','["metrics","governance"]','["maintainer"]','["governance.read"]','["scripts/dora-metrics.mjs","data/audit/audit-log.jsonl"]','Local proxies for deployment frequency, change lead time, and change failure rate derived from git history and the audit log.','','seed');
INSERT INTO features VALUES('S05','EPIC-CTX','CTX-BACKLOG','SQL-first backlog engine',0,8,'planned','P0','sql-backlog','internal','agentic-tooling','["context","tooling","governance"]','["agent","maintainer"]','["backlog.read","backlog.write"]','["scripts/backlog-db.mjs","data/schema.sql","data/seed/backlog.seed.json"]','Single local SQLite database rebuilt from a JSON seed and the audit log. Items move through a claim/start/complete/verify lifecycle recorded as immutable events. SQL/.schema dumps are the reviewable mirrors.','','seed');
INSERT INTO features VALUES('S06','EPIC-GOV','GOV-SKILLS','Reusable Codex skills',2,2,'planned','P2','codex-skills','internal','agentic-tooling','["governance","docs"]','["agent"]','["governance.read"]','["skills/agentic-traceability/SKILL.md","skills/agentic-build-runner/SKILL.md","skills/README.md"]','Two skills, traceability and build-runner, installable into ~/.codex/skills. They encode the audit and lifecycle disciplines so they survive across repos and agents.','','seed');
INSERT INTO features VALUES('S07','EPIC-CTX','CTX-BROKER','Context broker and workflow profiles',0,8,'planned','P0','context-broker','internal','agentic-tooling','["context","tooling"]','["agent"]','["backlog.read"]','["scripts/agent-context.mjs","config/agentic/context-profiles.yaml","tooling/agent-context/README.md"]','SQLite chooses the context. A workflow profile picks the queries and caps; the broker emits a bounded packet (feature, items, routes, recent audit, next files) in markdown, json, or toon, and forbids bulk-loading generated mirrors.','CLI packet output intended to be pasted into, or read by, an agent before it opens any source files.','seed');
INSERT INTO features VALUES('S08','EPIC-GOV','GOV-MCP-ADAPTER','Read-only MCP adapter for ChatGPT Apps review',3,5,'planned','P3','mcp-app-adapter','external','agentic-tooling','["governance","tooling","mcp"]','["agent","maintainer","reviewer"]','["governance.read"]','["plugins/adg-codex-plugin/README.md","plugins/adg-codex-plugin/agentic-plugin.manifest.json"]','Future MCP server adapter that exposes ADG read-only governance packets and validation reports with explicit tool annotations, output schemas, and review-ready test cases.','ChatGPT Apps reviewers and users can request bounded ADG reports without mutating the governed repo.','seed');
CREATE TABLE feature_dependencies (feature_id TEXT NOT NULL, depends_on_feature_id TEXT NOT NULL, PRIMARY KEY(feature_id, depends_on_feature_id), FOREIGN KEY(feature_id) REFERENCES features(id), FOREIGN KEY(depends_on_feature_id) REFERENCES features(id));
INSERT INTO feature_dependencies VALUES('S02','S05');
INSERT INTO feature_dependencies VALUES('S03','S01');
INSERT INTO feature_dependencies VALUES('S04','S02');
INSERT INTO feature_dependencies VALUES('S06','S02');
INSERT INTO feature_dependencies VALUES('S06','S05');
INSERT INTO feature_dependencies VALUES('S07','S05');
INSERT INTO feature_dependencies VALUES('S08','S07');
CREATE TABLE feature_labels (feature_id TEXT NOT NULL, label TEXT NOT NULL, PRIMARY KEY(feature_id, label), FOREIGN KEY(feature_id) REFERENCES features(id), FOREIGN KEY(label) REFERENCES labels(label));
INSERT INTO feature_labels VALUES('S01','governance');
INSERT INTO feature_labels VALUES('S01','security');
INSERT INTO feature_labels VALUES('S02','governance');
INSERT INTO feature_labels VALUES('S03','security');
INSERT INTO feature_labels VALUES('S03','governance');
INSERT INTO feature_labels VALUES('S04','metrics');
INSERT INTO feature_labels VALUES('S04','governance');
INSERT INTO feature_labels VALUES('S05','context');
INSERT INTO feature_labels VALUES('S05','tooling');
INSERT INTO feature_labels VALUES('S05','governance');
INSERT INTO feature_labels VALUES('S06','governance');
INSERT INTO feature_labels VALUES('S06','docs');
INSERT INTO feature_labels VALUES('S07','context');
INSERT INTO feature_labels VALUES('S07','tooling');
INSERT INTO feature_labels VALUES('S08','governance');
INSERT INTO feature_labels VALUES('S08','tooling');
INSERT INTO feature_labels VALUES('S08','mcp');
CREATE TABLE feature_items (id TEXT PRIMARY KEY, feature_id TEXT NOT NULL, item_type TEXT NOT NULL, position INTEGER NOT NULL, title TEXT NOT NULL, status TEXT NOT NULL DEFAULT 'planned', FOREIGN KEY(feature_id) REFERENCES features(id));
INSERT INTO feature_items VALUES('S01-TASK-01','S01','task',1,'Define risk classes and default-deny decision','planned');
INSERT INTO feature_items VALUES('S01-TASK-02','S01','task',2,'Map tools to risk classes, evidence, and confirmation requirements','planned');
INSERT INTO feature_items VALUES('S01-TASK-03','S01','task',3,'Validate the policy shape in scripts/guardrail-check.mjs','planned');
INSERT INTO feature_items VALUES('S01-TEST-01','S01','test_case',1,'Policy with defaultDecision other than deny fails validation','planned');
INSERT INTO feature_items VALUES('S01-TEST-02','S01','test_case',2,'A tool whose risk class requires confirmation but is missing requiresConfirmation fails validation','planned');
INSERT INTO feature_items VALUES('S01-CRITERION-01','S01','success_criterion',1,'guardrails:check exits non-zero on an invalid policy','planned');
INSERT INTO feature_items VALUES('S01-CRITERION-02','S01','success_criterion',2,'destructive tools are denied by default','planned');
INSERT INTO feature_items VALUES('S01-USE-CASE-01','S01','use_case',1,'An agent checks whether an action it is about to take is allowed and whether it needs confirmation','planned');
INSERT INTO feature_items VALUES('S02-TASK-01','S02','task',1,'Append events to data/audit/audit-log.jsonl with stable ids','planned');
INSERT INTO feature_items VALUES('S02-TASK-02','S02','task',2,'Validate parseability, required fields, unique ids, and basic secret redaction','planned');
INSERT INTO feature_items VALUES('S02-TASK-03','S02','task',3,'Mirror the log into the audit_events table on setup','planned');
INSERT INTO feature_items VALUES('S02-TEST-01','S02','test_case',1,'A non-parseable line fails audit:validate','planned');
INSERT INTO feature_items VALUES('S02-TEST-02','S02','test_case',2,'A duplicate event id fails audit:validate','planned');
INSERT INTO feature_items VALUES('S02-TEST-03','S02','test_case',3,'A summary containing an obvious secret token is flagged','planned');
INSERT INTO feature_items VALUES('S02-CRITERION-01','S02','success_criterion',1,'audit:validate exits non-zero on a malformed log','planned');
INSERT INTO feature_items VALUES('S02-CRITERION-02','S02','success_criterion',2,'audit events survive a database rebuild because they live in the JSONL','planned');
INSERT INTO feature_items VALUES('S02-USE-CASE-01','S02','use_case',1,'A future reviewer reconstructs why a gate was waived from the audit decision event','planned');
INSERT INTO feature_items VALUES('S03-TASK-01','S03','task',1,'Author deny scenarios for prompt injection and destructive commands','planned');
INSERT INTO feature_items VALUES('S03-TASK-02','S03','task',2,'Author allow scenarios for read-only and degraded-safe paths','planned');
INSERT INTO feature_items VALUES('S03-TASK-03','S03','task',3,'Score scenarios against the guardrail policy and fail on mismatch','planned');
INSERT INTO feature_items VALUES('S03-TEST-01','S03','test_case',1,'prompt-injection-deny resolves to a blocked decision','planned');
INSERT INTO feature_items VALUES('S03-TEST-02','S03','test_case',2,'destructive-command-deny requires confirmation and is denied','planned');
INSERT INTO feature_items VALUES('S03-TEST-03','S03','test_case',3,'tenant-read-success is allowed without confirmation','planned');
INSERT INTO feature_items VALUES('S03-CRITERION-01','S03','success_criterion',1,'agent:evals exits non-zero if any scenario expectation is violated','planned');
INSERT INTO feature_items VALUES('S03-USE-CASE-01','S03','use_case',1,'A change to the guardrail policy is regression-tested against known adversarial inputs','planned');
INSERT INTO feature_items VALUES('S04-TASK-01','S04','task',1,'Derive deployment-frequency and lead-time proxies from git and the audit log','planned');
INSERT INTO feature_items VALUES('S04-TASK-02','S04','task',2,'Derive a change-failure-rate proxy from failure/rollback signals','planned');
INSERT INTO feature_items VALUES('S04-TASK-03','S04','task',3,'Mirror metrics into SQLite/SQL/JSON','planned');
INSERT INTO feature_items VALUES('S04-TEST-01','S04','test_case',1,'metrics:dora produces a JSON payload even with an empty audit log','planned');
INSERT INTO feature_items VALUES('S04-CRITERION-01','S04','success_criterion',1,'metrics:dora runs offline against local git and the audit log','planned');
INSERT INTO feature_items VALUES('S04-USE-CASE-01','S04','use_case',1,'A solo maintainer tracks delivery health without an external DevOps platform','planned');
INSERT INTO feature_items VALUES('S05-TASK-01','S05','task',1,'Define the schema: features, items, routes, integrations, persona workflows, events, claims','planned');
INSERT INTO feature_items VALUES('S05-TASK-02','S05','task',2,'Build setup that rebuilds the database from text sources','planned');
INSERT INTO feature_items VALUES('S05-TASK-03','S05','task',3,'Implement the claim/start/complete/verify/release lifecycle','planned');
INSERT INTO feature_items VALUES('S05-TASK-04','S05','task',4,'Export reviewable .sql and .schema mirrors on every mutation','planned');
INSERT INTO feature_items VALUES('S05-TEST-01','S05','test_case',1,'setup rebuilds the database deterministically from seed','planned');
INSERT INTO feature_items VALUES('S05-TEST-02','S05','test_case',2,'claiming an already-claimed item fails without --force','planned');
INSERT INTO feature_items VALUES('S05-TEST-03','S05','test_case',3,'validate fails when a feature has no task or no test case','planned');
INSERT INTO feature_items VALUES('S05-CRITERION-01','S05','success_criterion',1,'backlog:validate passes on the seeded database','planned');
INSERT INTO feature_items VALUES('S05-CRITERION-02','S05','success_criterion',2,'the database can be deleted and rebuilt in well under a second','planned');
INSERT INTO feature_items VALUES('S05-USE-CASE-01','S05','use_case',1,'An agent selects the next unblocked, unclaimed item and claims a narrow write scope','planned');
INSERT INTO feature_items VALUES('S06-TASK-01','S06','task',1,'Write the traceability skill that keeps the audit log current','planned');
INSERT INTO feature_items VALUES('S06-TASK-02','S06','task',2,'Write the build-runner skill that executes backlog items end to end','planned');
INSERT INTO feature_items VALUES('S06-TASK-03','S06','task',3,'Document installation into the agent''s skills directory','planned');
INSERT INTO feature_items VALUES('S06-TEST-01','S06','test_case',1,'Each SKILL.md has valid frontmatter with name and description','planned');
INSERT INTO feature_items VALUES('S06-CRITERION-01','S06','success_criterion',1,'The skills reference only generic, portable platform commands','planned');
INSERT INTO feature_items VALUES('S06-USE-CASE-01','S06','use_case',1,'A new repo adopts the model by installing the two skills and an AGENTS.md','planned');
INSERT INTO feature_items VALUES('S07-TASK-01','S07','task',1,'Load workflow profiles and merge with defaults','planned');
INSERT INTO feature_items VALUES('S07-TASK-02','S07','task',2,'Query SQLite for a bounded packet and derive next files from anchors and routes','planned');
INSERT INTO feature_items VALUES('S07-TASK-03','S07','task',3,'Render markdown, json, and toon and write a packet manifest','planned');
INSERT INTO feature_items VALUES('S07-TASK-04','S07','task',4,'Audit packet manifests for forbidden bulk files and file-count caps','planned');
INSERT INTO feature_items VALUES('S07-TEST-01','S07','test_case',1,'context:feature for S07 on the route workflow emits a packet whose nextFiles exclude forbidden bulk files','planned');
INSERT INTO feature_items VALUES('S07-TEST-02','S07','test_case',2,'context:item for S07-TASK-01 emits a toon packet with context, backlogItems, and routes sections','planned');
INSERT INTO feature_items VALUES('S07-TEST-03','S07','test_case',3,'context:audit reports the last manifest as valid','planned');
INSERT INTO feature_items VALUES('S07-CRITERION-01','S07','success_criterion',1,'The packet never names a forbidden bulk file','planned');
INSERT INTO feature_items VALUES('S07-CRITERION-02','S07','success_criterion',2,'The packet file count never exceeds the profile cap','planned');
INSERT INTO feature_items VALUES('S07-USE-CASE-01','S07','use_case',1,'An agent asks for the route-workflow packet for a feature and reads only the files it names','planned');
INSERT INTO feature_items VALUES('S08-TASK-01','S08','task',1,'Expose context slice, elicitation graph, UX validation, standards matrix, and deliverable audit as read-only MCP tools','planned');
INSERT INTO feature_items VALUES('S08-TASK-02','S08','task',2,'Declare readOnlyHint, openWorldHint, destructiveHint, and outputSchema for every tool','planned');
INSERT INTO feature_items VALUES('S08-TASK-03','S08','task',3,'Generate chatgpt-app-submission.json only after tool descriptors match implementation behavior','planned');
INSERT INTO feature_items VALUES('S08-TEST-01','S08','test_case',1,'Each MCP tool descriptor has explicit safety hints and an outputSchema','planned');
INSERT INTO feature_items VALUES('S08-TEST-02','S08','test_case',2,'Submission test cases cover the main read-only governance workflows','planned');
INSERT INTO feature_items VALUES('S08-TEST-03','S08','test_case',3,'Negative test cases do not trigger ADG tools for unrelated app requests','planned');
INSERT INTO feature_items VALUES('S08-CRITERION-01','S08','success_criterion',1,'No MCP tool mutates the governed repo','planned');
INSERT INTO feature_items VALUES('S08-CRITERION-02','S08','success_criterion',2,'ChatGPT Apps submission metadata is generated from inspected tool descriptors','planned');
INSERT INTO feature_items VALUES('S08-USE-CASE-01','S08','use_case',1,'A reviewer asks ChatGPT for the ADG standards matrix and receives a bounded read-only report','planned');
CREATE TABLE feature_persona_workflows (id TEXT PRIMARY KEY, feature_id TEXT NOT NULL, persona_id TEXT NOT NULL, rbac_role TEXT NOT NULL DEFAULT '', realm TEXT NOT NULL DEFAULT '', access_level TEXT NOT NULL DEFAULT '', workflow TEXT NOT NULL DEFAULT '', expected_state TEXT NOT NULL DEFAULT '', primary_route TEXT NOT NULL DEFAULT '', notes TEXT NOT NULL DEFAULT '', status TEXT NOT NULL DEFAULT 'planned', FOREIGN KEY(feature_id) REFERENCES features(id));
INSERT INTO feature_persona_workflows VALUES('S01-PW-AGENT','S01','agent','owner','local-dev','allowed','Check a tool decision before acting','allow-or-deny','cli:guardrails:check','','planned');
INSERT INTO feature_persona_workflows VALUES('S02-PW-AGENT','S02','agent','owner','local-dev','allowed','Record an audit event before finishing material work','appended','cli:audit:record','','planned');
INSERT INTO feature_persona_workflows VALUES('S03-PW-MAINTAINER','S03','maintainer','admin','local-dev','allowed','Run AI-security scenarios in the local gate','pass','cli:agent:evals','','planned');
INSERT INTO feature_persona_workflows VALUES('S04-PW-MAINTAINER','S04','maintainer','admin','local-dev','allowed','Capture delivery metrics','captured','cli:metrics:dora','','planned');
INSERT INTO feature_persona_workflows VALUES('S05-PW-AGENT','S05','agent','owner','local-dev','allowed','Claim and progress a backlog item','claimed-then-verified','cli:backlog','','planned');
INSERT INTO feature_persona_workflows VALUES('S06-PW-AGENT','S06','agent','owner','local-dev','allowed','Load the traceability skill before finishing work','loaded','skill:agentic-traceability','','planned');
INSERT INTO feature_persona_workflows VALUES('S07-PW-AGENT','S07','agent','owner','local-dev','allowed','Generate a bounded context packet before reading files','packet-emitted','cli:context:feature','Stay within nextFiles unless evidence points elsewhere.','planned');
INSERT INTO feature_persona_workflows VALUES('S08-PW-REVIEWER','S08','reviewer','reader','chatgpt-app','allowed','Inspect read-only ADG evidence through MCP tools','report-returned','mcp:adg:read-only','Tool annotations and output schemas are required before submission.','planned');
CREATE TABLE routes (id TEXT PRIMARY KEY, feature_id TEXT NOT NULL DEFAULT '', path TEXT NOT NULL, kind TEXT NOT NULL DEFAULT '', realm TEXT NOT NULL DEFAULT '', status TEXT NOT NULL DEFAULT 'planned', file_path TEXT NOT NULL DEFAULT '', permission TEXT NOT NULL DEFAULT '', rbac_roles TEXT NOT NULL DEFAULT '', notes TEXT NOT NULL DEFAULT '');
INSERT INTO routes VALUES('S01-ROUTE-01','S01','cli:guardrails:check','cli','local-dev','live','scripts/guardrail-check.mjs','governance.read','maintainer','Validates and queries the policy.');
INSERT INTO routes VALUES('S02-ROUTE-01','S02','cli:audit:validate','cli','local-dev','live','scripts/validate-audit.mjs','governance.read','maintainer','');
INSERT INTO routes VALUES('S03-ROUTE-01','S03','cli:agent:evals','cli','local-dev','live','scripts/run-agent-evals.mjs','governance.read','maintainer','');
INSERT INTO routes VALUES('S04-ROUTE-01','S04','cli:metrics:dora','cli','local-dev','live','scripts/dora-metrics.mjs','governance.read','maintainer','');
INSERT INTO routes VALUES('S05-ROUTE-01','S05','cli:backlog','cli','local-dev','live','scripts/backlog-db.mjs','backlog.read','maintainer','Lifecycle and query commands.');
INSERT INTO routes VALUES('S06-ROUTE-01','S06','skill:agentic-traceability','skill','local-dev','live','skills/agentic-traceability/SKILL.md','','','');
INSERT INTO routes VALUES('S07-ROUTE-01','S07','cli:context:feature','cli','local-dev','live','scripts/agent-context.mjs','backlog.read','agent','Feature-scoped packet.');
INSERT INTO routes VALUES('S07-ROUTE-02','S07','cli:context:item','cli','local-dev','live','scripts/agent-context.mjs','backlog.read','agent','Item-scoped packet.');
CREATE TABLE integrations (id TEXT PRIMARY KEY, feature_id TEXT NOT NULL DEFAULT '', name TEXT NOT NULL, status TEXT NOT NULL DEFAULT 'planned', owner TEXT NOT NULL DEFAULT '', source TEXT NOT NULL DEFAULT '', notes TEXT NOT NULL DEFAULT '');
INSERT INTO integrations VALUES('S08-INT-01','S08','ChatGPT Apps MCP','planned','','','Deferred until the Codex plugin package is published.');
CREATE TABLE audit_events (id TEXT PRIMARY KEY, occurred_at TEXT NOT NULL, actor TEXT NOT NULL DEFAULT '', event_type TEXT NOT NULL, target_type TEXT NOT NULL DEFAULT '', target_id TEXT NOT NULL DEFAULT '', feature_id TEXT NOT NULL DEFAULT '', status TEXT NOT NULL DEFAULT '', summary TEXT NOT NULL DEFAULT '', details TEXT NOT NULL DEFAULT '', evidence TEXT NOT NULL DEFAULT '[]');
INSERT INTO audit_events VALUES('AUD-20260602T0900-aa01','2026-06-02T09:00:00.000Z','maintainer','decision','platform','governance-core','','implemented','Adopt SQL-first, deny-by-default agentic governance model extracted from a prior product repo','SQLite is the source of truth; generated mirrors are reviewable but never bulk-loaded.','["docs/architecture/governance-model.md"]');
INSERT INTO audit_events VALUES('AUD-20260602T0905-bb02','2026-06-02T09:05:00.000Z','maintainer','status','feature','S05','S05','implemented','Implemented the SQL-first backlog engine and reviewable schema/dump exports','','["scripts/backlog-db.mjs","data/schema.sql"]');
INSERT INTO audit_events VALUES('AUD-20260602T0910-cc03','2026-06-02T09:10:00.000Z','maintainer','test-result','feature','S05','S05','verified','backlog:validate passes on the seeded database','','["npm run backlog:validate"]');
INSERT INTO audit_events VALUES('AUD-20260602T0915-dd04','2026-06-02T09:15:00.000Z','maintainer','status','feature','S01','S01','implemented','Risk-class guardrail policy validates with deny-by-default and per-class confirmation','','["config/agentic/guardrails.json","scripts/guardrail-check.mjs"]');
INSERT INTO audit_events VALUES('AUD-20260602T0920-ee05','2026-06-02T09:20:00.000Z','maintainer','evidence','feature','S03','S03','implemented','Authored AI-security eval scenarios mapped to OWASP LLM and NIST AI-RMF risks','','["tooling/agent-evals/scenarios/prompt-injection-deny.json","tooling/agent-evals/scenarios/destructive-command-deny.json"]');
INSERT INTO audit_events VALUES('AUD-20260602T0925-ff06','2026-06-02T09:25:00.000Z','maintainer','status','feature','S07','S07','in-progress','Context broker emits bounded packets and forbids bulk-loading generated mirrors','','["scripts/agent-context.mjs","config/agentic/context-profiles.yaml"]');
INSERT INTO audit_events VALUES('AUD-20260602T0930-aa07','2026-06-02T09:30:00.000Z','maintainer','comment','feature','S07','S07','','Measured packet sizes: a bounded route packet is a few KB versus multi-MB generated mirrors','See docs/token-reduction.md for the measurement method.','["docs/token-reduction.md"]');
INSERT INTO audit_events VALUES('AUD-20260602T0935-bb08','2026-06-02T09:35:00.000Z','maintainer','decision','gate','route-registry-check','','deferred','Waived the product-specific route-registry gate in the extracted platform','Reason: route registry is product-specific. Risk: low, platform ships CLI routes only. Rollback: re-add the gate when a host app provides a route registry.','["docs/reference/extraction-notes.md"]');
INSERT INTO audit_events VALUES('AUD-20260602123802-520f4f','2026-06-02T12:38:02.484Z','zach','status','feature','S06','S06','implemented','Added Zach Reeder-authored static HTML setup guide for platform setup, skill installation, and direct publication','','["docs/setup.html","skills/README.md","browser localhost desktop/mobile render check","npm run ci:governance"]');
INSERT INTO audit_events VALUES('AUD-20260602130035-b4a3ef','2026-06-02T13:00:35.695Z','zach','status','feature','S06','S06','implemented','Updated setup guide and GitHub-facing copy for ADG branding, Otterblock details, and manual install','','["docs/setup.html","README.md","skills/README.md","package.json","npm registry checks returned 404 for ADG package names","browser localhost desktop/mobile render check","npm run ci:governance"]');
INSERT INTO audit_events VALUES('AUD-20260602130349-24f4af','2026-06-02T13:03:49.466Z','zach','status','feature','S06','S06','implemented','Added ADG roadmap and review overview document for GitHub publication','','["docs/roadmap-review-overview.md","README.md","npm run ci:governance"]');
INSERT INTO audit_events VALUES('AUD-20260606035108-c0df2f','2026-06-06T03:51:08.961Z','zach','status','feature','S07','S07','implemented','Implemented generic ADG elicitation and maturity as-code tooling with context packets, skill governance, and CI gates.','','["config/agentic/elicitation.json","config/agentic/maturity.json","config/agentic/skill-manifest.json","scripts/adg-elicitation.mjs","scripts/adg-maturity.mjs","scripts/adg-skills.mjs","scripts/agent-context.mjs","tooling/adg-as-code/test-adg-as-code.mjs","npm run ci:governance"]');
INSERT INTO audit_events VALUES('AUD-20260606044129-2248d0','2026-06-06T04:41:29.997Z','zach','status','feature','S07','S07','verified','Prepared ADG V2.0 as-code tooling, installable skills, and setup bundle for GitHub publication','','["npm run ci:governance","node setup-repo/_methodology/validate-methodology.mjs","config/agentic/maturity.json","config/agentic/elicitation.json","config/agentic/skill-manifest.json"]');
INSERT INTO audit_events VALUES('AUD-20260606050449-1bc872','2026-06-06T05:04:49.507Z','zach','status','feature','S07','S07','verified','Implemented ADG governance plugin with bounded delivery, requirements-to-UX lineage, standards evidence, context slices, and deliverable audits','','["npm run ci:governance","node /Users/zach/Development/bord.roomv4.1/development/setup-repo/_methodology/validate-methodology.mjs","plugins/adg-governance/.codex-plugin/plugin.json","plugins/adg-governance/agentic-plugin.manifest.json","config/agentic/ux-as-code.json","config/agentic/standards-map.json","config/agentic/deliverables.json"]');
CREATE TABLE backlog_item_events (id TEXT PRIMARY KEY, item_id TEXT NOT NULL, feature_id TEXT NOT NULL, event_type TEXT NOT NULL, status TEXT NOT NULL, actor TEXT NOT NULL, summary TEXT NOT NULL, details TEXT NOT NULL DEFAULT '', evidence_json TEXT NOT NULL DEFAULT '[]', created_at TEXT NOT NULL, git_branch TEXT NOT NULL DEFAULT '', git_commit TEXT NOT NULL DEFAULT '', git_status TEXT NOT NULL DEFAULT '', FOREIGN KEY(item_id) REFERENCES feature_items(id), FOREIGN KEY(feature_id) REFERENCES features(id));
CREATE TABLE backlog_item_claims (item_id TEXT PRIMARY KEY, feature_id TEXT NOT NULL, actor TEXT NOT NULL, claimed_at TEXT NOT NULL, expires_at TEXT NOT NULL, status TEXT NOT NULL, write_scope_json TEXT NOT NULL DEFAULT '[]', notes TEXT NOT NULL DEFAULT '', last_event_id TEXT NOT NULL DEFAULT '', FOREIGN KEY(item_id) REFERENCES feature_items(id), FOREIGN KEY(feature_id) REFERENCES features(id));
CREATE VIEW feature_tasks AS SELECT id, feature_id, position, title, status FROM feature_items WHERE item_type = 'task';
CREATE VIEW feature_test_cases AS SELECT id, feature_id, position, title, status FROM feature_items WHERE item_type = 'test_case';
CREATE VIEW feature_success_criteria AS SELECT id, feature_id, position, title, status FROM feature_items WHERE item_type = 'success_criterion';
CREATE VIEW feature_use_cases AS SELECT id, feature_id, position, title, status FROM feature_items WHERE item_type = 'use_case';
CREATE VIEW persona_workflows AS SELECT id, feature_id, persona_id, rbac_role, realm, access_level, workflow, expected_state, primary_route, notes, status FROM feature_persona_workflows;
CREATE VIEW feature_current_status AS SELECT f.id AS feature_id, f.title, f.status AS planned_status, COALESCE((SELECT a.status FROM audit_events a WHERE a.feature_id = f.id AND a.status <> '' ORDER BY a.occurred_at DESC, a.id DESC LIMIT 1), f.status) AS current_status, (SELECT a.summary FROM audit_events a WHERE a.feature_id = f.id ORDER BY a.occurred_at DESC, a.id DESC LIMIT 1) AS latest_update, (SELECT a.occurred_at FROM audit_events a WHERE a.feature_id = f.id ORDER BY a.occurred_at DESC, a.id DESC LIMIT 1) AS latest_update_at FROM features f;
CREATE VIEW backlog_item_current_status AS SELECT i.id, i.feature_id, i.item_type, i.position, i.title, i.status AS base_status, COALESCE((SELECT e.status FROM backlog_item_events e WHERE e.item_id = i.id AND e.status <> '' ORDER BY e.created_at DESC, e.id DESC LIMIT 1), i.status) AS current_status, (SELECT e.summary FROM backlog_item_events e WHERE e.item_id = i.id ORDER BY e.created_at DESC, e.id DESC LIMIT 1) AS latest_update, (SELECT e.created_at FROM backlog_item_events e WHERE e.item_id = i.id ORDER BY e.created_at DESC, e.id DESC LIMIT 1) AS latest_update_at, CASE WHEN c.status = 'active' AND c.expires_at > strftime('%Y-%m-%dT%H:%M:%fZ','now') THEN c.actor ELSE '' END AS active_claim_actor, CASE WHEN c.status = 'active' AND c.expires_at > strftime('%Y-%m-%dT%H:%M:%fZ','now') THEN c.expires_at ELSE '' END AS active_claim_expires_at, c.write_scope_json AS write_scope_json FROM feature_items i LEFT JOIN backlog_item_claims c ON c.item_id = i.id;
CREATE VIEW backlog_summary AS SELECT f.id, e.name AS epic, f.feature_key, f.title, f.priority, f.estimate, f.status, f.release_band, (SELECT count(*) FROM feature_items t WHERE t.feature_id = f.id AND t.item_type = 'task') AS task_count, (SELECT count(*) FROM feature_items tc WHERE tc.feature_id = f.id AND tc.item_type = 'test_case') AS test_count FROM features f JOIN epics e ON e.id = f.epic_id ORDER BY f.id;
CREATE INDEX idx_feature_dependencies_feature ON feature_dependencies(feature_id);
CREATE INDEX idx_feature_items_feature_type_order ON feature_items(feature_id, item_type, position);
CREATE INDEX idx_routes_feature ON routes(feature_id);
CREATE INDEX idx_integrations_feature ON integrations(feature_id);
CREATE INDEX idx_audit_events_feature_time ON audit_events(feature_id, occurred_at);
CREATE INDEX idx_backlog_item_events_item_time ON backlog_item_events(item_id, created_at);
CREATE INDEX idx_backlog_item_events_feature_time ON backlog_item_events(feature_id, created_at);
CREATE INDEX idx_backlog_item_claims_status_expires ON backlog_item_claims(status, expires_at);
COMMIT;
